question,answer
A lonely lighthouse keeper discovers a mysterious glowing pearl that washes ashore.,"{""title"": ""The Luminous Pearl of Solitude"", ""characters"": ""Lighthouse Keeper, Mysterious Sea Spirit"", ""setting"": ""Remote coastal lighthouse and surrounding beach"", ""story"": ""In a remote lighthouse perched on a rocky cliff, there lived a solitary keeper named Finn. For years, he tended to the beacon, guiding ships safely through treacherous waters. One stormy night, as Finn patrolled the windswept beach below his tower, he noticed an unusual glow in the surf. Approaching cautiously, he discovered a pearl of extraordinary size and brilliance, pulsating with an otherworldly light. As Finn cradled the pearl in his hands, a shimmering apparition emerged from the sea \u2013 a mysterious spirit who revealed that the pearl was a powerful artifact, capable of granting one's deepest desires. The spirit offered Finn a choice: keep the pearl and end his loneliness, or return it to the depths to maintain the balance of the ocean. Torn between his personal longing and his duty as a guardian of the sea, Finn faced the most challenging decision of his solitary life.""}"
"A young witch accidentally turns her grumpy cat into a talking, flying broomstick.","{""title"": ""The Enchanted Broomstick"", ""characters"": ""Zoe (young witch), Mr. Whiskers (grumpy cat turned broomstick)"", ""setting"": ""A cozy cottage in a magical forest"", ""story"": ""In a quaint cottage nestled deep within an enchanted forest, lived Zoe, a novice witch still learning to control her powers. Her constant companion was Mr. Whiskers, a perpetually grumpy black cat who seemed to disapprove of Zoe's magical experiments. One day, while attempting a simple cleaning spell, Zoe's wand misfired, enveloping Mr. Whiskers in a shower of sparks. To Zoe's astonishment, her feline friend transformed into a talking, flying broomstick! Mr. Whiskers, now a sentient cleaning tool, retained his grumpy personality but gained the ability to soar through the air and engage in witty banter. Together, the unlikely duo embarked on a series of hilarious misadventures as they searched for a way to reverse the spell, all while Mr. Whiskers complained about the indignity of being used to sweep floors. Their journey taught Zoe valuable lessons about responsibility and the unpredictable nature of magic, while Mr. Whiskers learned to appreciate the brighter side of life \u2013 even if it meant being a flying broomstick.""}"
An astronaut gets stranded on a planet where the plants communicate through music.,"{""title"": ""The Melodic World"", ""characters"": ""Captain Zara Nova, Harmonic Flora"", ""setting"": ""Alien planet with musical vegetation"", ""story"": ""Captain Zara Nova, an experienced astronaut, found herself stranded on an uncharted planet after her ship malfunctioned. As she explored the alien landscape, she noticed something extraordinary: the plants seemed to sway and move in perfect synchronization. Suddenly, a haunting melody filled the air, and Zara realized the vegetation was communicating through intricate musical patterns. Fascinated, she began to study their 'language,' using her ship's audio equipment to record and analyze the plantlife's symphonies. As days turned into weeks, Zara learned to interpret the music, discovering vital information about the planet's resources and potential dangers. When a rescue team finally arrived, Zara had not only survived but had also unlocked the secrets of an entirely new form of communication, forever changing humanity's understanding of extraterrestrial life.""}"
A detective in a steampunk city must solve the theft of a priceless clockwork heart.,"{""title"": ""The Clockwork Heart Caper"", ""characters"": ""Detective Artemis Gears, Clockmaker Eliza Cogsworth, Thief Sylvester Shadow"", ""setting"": ""Victorian-era steampunk city of Brassburgh"", ""story"": ""In the fog-shrouded, gear-driven metropolis of Brassburgh, Detective Artemis Gears receives an urgent summons from the renowned Clockmaker Eliza Cogsworth. Her masterpiece, a priceless clockwork heart capable of powering an entire city block, has been stolen from her heavily guarded workshop. As Artemis investigates, he uncovers a web of secrets and rivalries among the city's elite inventors. Following a trail of brass shavings and steam, he pursues the elusive master thief known only as Sylvester Shadow through winding alleys and across rattling skyways. In a heart-pounding climax atop the city's central gear tower, Artemis must use his wits and steam-powered gadgets to outwit Shadow and recover the clockwork heart before it can be used for nefarious purposes that threaten to bring Brassburgh grinding to a halt.""}"
Two rival chefs must team up to win a magical cooking competition.,"{""title"": ""The Spellbinding Culinary Duel"", ""characters"": ""Chef Amelia, Chef Marco, Magical Judge Zephyr"", ""setting"": ""Enchanted Kitchen Stadium"", ""story"": ""In the world of culinary magic, Chef Amelia and Chef Marco were fierce rivals, each claiming to be the greatest magical chef. Their rivalry was legendary, until one day they received invitations to compete in the Mystical Gourmet Games. To their shock, the competition required teams of two. Reluctantly, they agreed to work together, their styles clashing like fire and ice. As they progressed through rounds of levitating souffl\u00e9s and shape-shifting sauces, they began to appreciate each other's skills. The final challenge, set by the enigmatic Judge Zephyr, required them to create a dish that represented perfect harmony. As they combined Amelia's flair for flavor with Marco's mastery of magical techniques, they realized their teamwork was the secret ingredient. Their final dish, a shimmering, ever-changing feast that told the story of their journey from rivals to partners, won them the competition and forged an unlikely friendship that would revolutionize the world of magical cuisine.""}"
A timid librarian finds a book that allows him to enter into the stories he reads.,"{""title"": ""The Library of Infinite Adventures"", ""characters"": ""Marcus (the timid librarian), Book Guardian, Various Story Characters"", ""setting"": ""Library, Multiple fictional worlds"", ""story"": ""Marcus, a shy and unassuming librarian, spent his days surrounded by books, secretly yearning for adventure. One evening, while reorganizing the dusty shelves of the ancient fiction section, he stumbled upon a peculiar leather-bound tome with no title. Curiosity piqued, Marcus opened the book, only to be engulfed by a swirl of magical energy. To his astonishment, he found himself transported into the pages of a swashbuckling pirate tale. Overwhelmed but exhilarated, Marcus discovered he could enter and exit various stories at will. As he explored different narratives, from sci-fi epics to fantasy quests, Marcus's confidence grew. He befriended characters, solved plot-twists, and even altered storylines. However, his newfound ability attracted the attention of the mysterious Book Guardian, who warned him of the consequences of changing stories too drastically. Balancing his adventures with responsibility, Marcus learned to appreciate his own story, transforming from a timid librarian into a courageous custodian of infinite tales.""}"
A group of kids builds a spaceship out of junk and actually travels to the moon.,"{""title"": ""Junkyard Astronauts"", ""characters"": ""Sam, Lily, Max, Professor Gizmo"", ""setting"": ""Earth (suburban neighborhood and junkyard) and the Moon"", ""story"": ""In a small suburban neighborhood, three ambitious kids - Sam, Lily, and Max - dreamed of space exploration. Inspired by their eccentric neighbor, Professor Gizmo, they decided to build their own spaceship using discarded items from the local junkyard. Day after day, they tinkered and assembled, transforming old washing machines, car parts, and forgotten electronics into an unconventional yet surprisingly functional spacecraft. \n\n    On the night of the full moon, the kids sneaked out to their secret launch site. With a mix of excitement and nervousness, they climbed aboard their creation. To their amazement, the junkyard spaceship roared to life and actually took off! As they left Earth's atmosphere, the children marveled at the stars and the growing sight of the moon.\n\n    Landing on the lunar surface, the young explorers bounced in the low gravity, planting a flag made from an old bed sheet. They collected moon rocks and took countless photos to prove their incredible journey. As dawn approached on Earth, the kids reluctantly returned home, their minds filled with wonder and their pockets full of lunar souvenirs. \n\n    Back in their neighborhood, no one believed their fantastic tale - except for Professor Gizmo, who winked knowingly and invited them over to start planning their next adventure to Mars.""}"
A knight who is afraid of dragons is tasked with saving a princess from one.,"{""title"": ""The Reluctant Dragon Slayer"", ""characters"": ""Sir Trembleheart (the knight), Princess Aurelia, Flamebringer (the dragon)"", ""setting"": ""Medieval kingdom with a towering mountain where the dragon's lair is located"", ""story"": ""In a realm of chivalry and magic, Sir Trembleheart was known for his bravery in battle\u2014except when it came to dragons. His greatest fear was about to become his greatest challenge when the king tasked him with rescuing Princess Aurelia from the fearsome dragon, Flamebringer. With shaking hands and chattering teeth, Sir Trembleheart began his journey to the dragon's mountain lair. Along the way, he encountered wise hermits and magical creatures who taught him that true courage comes from facing one's fears. As he ascended the mountain, Sir Trembleheart's resolve grew stronger. When he finally confronted Flamebringer, he was surprised to find that the dragon was more interested in riddles than violence. Using his wit instead of his sword, Sir Trembleheart outsmarted the dragon and secured the princess's freedom. Returning home as a hero, he realized that sometimes the fiercest dragons are the ones in our minds.""}"
An ancient robot wakes up in a post-apocalyptic world and tries to find its purpose.,"{""title"": ""Awakening in Ruins"", ""characters"": ""Ancient Robot, Survivor Guide"", ""setting"": ""Post-apocalyptic Earth"", ""story"": ""In a world ravaged by time and destruction, an ancient robot suddenly activates, its systems whirring to life after centuries of dormancy. As it surveys the desolate landscape around it, the robot struggles to recall its original purpose. Driven by an innate desire to understand its existence, it embarks on a journey through the ruins of civilization. Along the way, it encounters a lone human survivor who becomes an unlikely guide. Together, they traverse dangerous terrains and face remnants of old-world threats. Through their adventures, the robot begins to piece together fragments of its past and discovers that its true purpose may lie not in its original programming, but in helping to rebuild and protect what remains of humanity in this harsh new world.""}"
A musician discovers her guitar can control the weather when she plays certain chords.,"{""title"": ""The Melody of the Storm"", ""characters"": ""Aria (the musician), Professor Weatherby (meteorologist)"", ""setting"": ""A coastal town with unpredictable weather"", ""story"": ""In a quaint coastal town known for its erratic weather, Aria, a struggling street musician, noticed something peculiar about her old guitar. Whenever she played certain chords, the sky would shift dramatically. Sunny days turned stormy, and rain ceased at the strum of her strings. Confused and amazed, Aria sought help from Professor Weatherby, the town's eccentric meteorologist. Together, they discovered that Aria's guitar was made from a rare tree struck by lightning, imbuing it with weather-altering properties. As word spread, Aria found herself torn between using her newfound power for good and the temptation of fame. She learned to harness her gift, bringing much-needed rain to drought-stricken areas and calming destructive storms. In the end, Aria realized her true calling was not just to make music, but to harmonize with nature itself.""}"
